"Estimate","True","Pvalue","Coverage"
0.369491525,0.235772358,6.13953332617712e-13,1
0.35,0.235772358,2.41519915178401e-10,1
0.320261438,0.235772358,9.32843580159215e-10,1
0.341296928,0.235772358,1.38689060236175e-12,1
0.29020979,0.235772358,7.72741683086053e-07,0
0.33220339,0.235772358,3.23752336051086e-09,1
0.323232323,0.235772358,3.72703645723504e-10,1
0.337792642,0.235772358,3.20408877207967e-09,1
0.343234323,0.235772358,5.56110713034741e-11,1
0.366101695,0.235772358,3.99680288865056e-15,1
0.367213115,0.235772358,4.44089209850063e-16,1
0.298013245,0.235772358,2.6808374864018e-05,0
0.342756184,0.235772358,5.08526554199307e-12,1
0.381756757,0.235772358,5.44009282066327e-14,1
0.355932203,0.235772358,5.26911847487099e-13,1
0.34006734,0.235772358,1.28097532581251e-12,1
0.33559322,0.235772358,3.09517300678408e-10,1
0.352739726,0.235772358,1.783018177548e-13,1
0.314189189,0.235772358,1.23346219904619e-08,1
0.341296928,0.235772358,9.95395543768041e-10,1
0.364261168,0.235772358,3.92108567837113e-12,1
0.368794326,0.235772358,0,1
0.358156028,0.235772358,2.05169214950729e-13,1
0.306620209,0.235772358,4.12971298491271e-07,0
0.355932203,0.235772358,4.44089209850063e-16,1
0.362369338,0.235772358,2.50466314355435e-13,1
0.356401384,0.235772358,8.23785484271866e-14,1
0.324414716,0.235772358,7.42557237920494e-09,1
0.318493151,0.235772358,6.28053165030451e-12,1
0.337931034,0.235772358,2.27004415265242e-10,1
0.319727891,0.235772358,3.50934836745864e-11,1
0.305369128,0.235772358,7.20694992573101e-09,1
0.355172414,0.235772358,7.32747196252603e-13,1
0.356401384,0.235772358,2.22044604925031e-16,1
0.300353357,0.235772358,4.91135459634862e-07,1
0.306620209,0.235772358,8.88478015603766e-08,1
0.370748299,0.235772358,0,1
0.332142857,0.235772358,1.65423230669148e-13,1
0.34137931,0.235772358,1.10067510661338e-12,1
0.336633663,0.235772358,4.12233136515283e-10,1
0.345762712,0.235772358,0,1
0.327702703,0.235772358,3.0398639161433e-10,1
0.365517241,0.235772358,4.84057238736568e-14,1
0.347368421,0.235772358,1.62092561595273e-14,1
0.323232323,0.235772358,3.11755377069289e-09,1
0.339041096,0.235772358,5.43622924453757e-11,1
0.321192053,0.235772358,3.50042217434066e-11,1
0.325732899,0.235772358,4.4877657146003e-11,1
0.339041096,0.235772358,3.35287353436797e-14,1
0.316326531,0.235772358,2.68180144757935e-09,1
0.344827586,0.235772358,9.76863034907183e-12,1
0.340425532,0.235772358,3.77475828372553e-15,1
0.347972973,0.235772358,4.04103417395163e-11,1
0.338983051,0.235772358,5.54221113446829e-11,1
0.340206186,0.235772358,8.48774384110129e-11,1
0.342465753,0.235772358,4.99200680792455e-11,1
0.340277778,0.235772358,5.01976238354018e-12,1
0.348275862,0.235772358,7.60080887118875e-12,1
0.352159468,0.235772358,7.061018436616e-14,1
0.36026936,0.235772358,2.68673971959288e-14,1
0.343642612,0.235772358,1.80964132567851e-11,1
0.33447099,0.235772358,5.74946534825926e-10,1
0.349673203,0.235772358,4.4255710207608e-11,1
0.356902357,0.235772358,1.0376921544264e-10,1
0.336769759,0.235772358,4.66808813825992e-11,1
0.308219178,0.235772358,3.73310427015383e-09,1
0.360824742,0.235772358,5.04041253179821e-14,1
0.36,0.235772358,2.88657986402541e-15,1
0.379194631,0.235772358,4.08562073062058e-14,1
0.341137124,0.235772358,1.47991396914904e-10,1
0.326666667,0.235772358,5.11371611722211e-10,1
0.359861592,0.235772358,2.16338058578458e-12,1
0.326666667,0.235772358,7.49691420054432e-10,1
0.360824742,0.235772358,1.0458300891969e-13,1
0.35483871,0.235772358,3.32933680624592e-12,1
0.33442623,0.235772358,1.05278008533105e-11,1
0.349152542,0.235772358,9.97473215136324e-11,1
0.363636364,0.235772358,2.50932608025778e-12,1
0.326797386,0.235772358,2.24860130515481e-11,1
0.361403509,0.235772358,3.77475828372553e-15,1
0.379661017,0.235772358,9.32587340685131e-15,1
0.350877193,0.235772358,3.41837669282086e-12,1
0.362416107,0.235772358,1.48459022852876e-12,1
0.356435644,0.235772358,8.88178419700125e-16,1
0.376712329,0.235772358,0,1
0.33559322,0.235772358,8.91051676887855e-11,1
0.35106383,0.235772358,1.93178806284777e-13,1
0.363636364,0.235772358,2.22044604925031e-16,1
0.332179931,0.235772358,5.91797721938292e-11,1
0.368600683,0.235772358,0,1
0.37883959,0.235772358,0,1
0.34,0.235772358,1.4352963262354e-12,1
0.342657343,0.235772358,6.34403640731307e-12,1
0.315972222,0.235772358,4.72271335372199e-08,1
0.364548495,0.235772358,1.84297022087776e-14,1
0.346801347,0.235772358,1.8917312161193e-11,1
0.361204013,0.235772358,2.22044604925031e-16,1
0.304195804,0.235772358,1.43875729108345e-08,1
0.360544218,0.235772358,3.04201108747293e-14,1
0.346020761,0.235772358,2.1538326677728e-14,1
0.371134021,0.235772358,2.99760216648792e-14,1
0.391156463,0.235772358,0,1
0.315068493,0.235772358,1.31626582522415e-07,1
0.369127517,0.235772358,6.66133814775094e-16,1
0.324324324,0.235772358,2.44875897337238e-10,1
0.344481605,0.235772358,4.86277684785819e-14,1
0.402027027,0.235772358,0,0
0.324324324,0.235772358,5.14536857565417e-10,1
0.341216216,0.235772358,7.29416527178728e-13,1
0.333333333,0.235772358,1.92879046068128e-11,1
0.347972973,0.235772358,4.42428760294433e-10,1
0.354304636,0.235772358,0,1
0.367346939,0.235772358,1.11022302462516e-15,1
0.369863014,0.235772358,3.99680288865056e-15,1
0.32,0.235772358,3.99700117448276e-09,1
0.359060403,0.235772358,7.58948459633757e-13,1
0.351170569,0.235772358,2.8199664825479e-14,1
0.390681004,0.235772358,0,1
0.35472973,0.235772358,1.18134391158264e-11,1
0.369863014,0.235772358,1.55431223447522e-15,1
0.355932203,0.235772358,7.105427357601e-15,1
0.364864865,0.235772358,0,1
0.343859649,0.235772358,4.50750547997814e-14,1
0.326599327,0.235772358,3.5527136788005e-15,1
0.365187713,0.235772358,4.66293670342566e-15,1
0.363636364,0.235772358,1.77635683940025e-15,1
0.328671329,0.235772358,5.91934323779242e-09,1
0.352313167,0.235772358,3.84041687340186e-11,1
0.355932203,0.235772358,7.75490782700672e-12,1
0.372413793,0.235772358,0,1
0.34375,0.235772358,1.37556632751057e-12,1
0.32996633,0.235772358,7.12712111550218e-11,1
0.357142857,0.235772358,3.77475828372553e-15,1
0.311418685,0.235772358,1.94906134121098e-07,1
0.336633663,0.235772358,5.3147042322621e-11,1
0.337883959,0.235772358,6.47748521487301e-11,1
0.342372881,0.235772358,9.10382880192628e-14,1
0.31986532,0.235772358,2.75668377014426e-12,1
0.34006734,0.235772358,5.00888219789886e-12,1
0.364864865,0.235772358,1.32271971153841e-12,1
0.339041096,0.235772358,8.97060203897126e-12,1
0.367132867,0.235772358,0,1
0.343642612,0.235772358,1.31978206141525e-10,1
0.336769759,0.235772358,4.8194781498978e-12,1
0.333333333,0.235772358,7.28909199665395e-09,1
0.343234323,0.235772358,4.50750547997814e-14,1
0.368243243,0.235772358,4.44089209850063e-16,1
0.359861592,0.235772358,2.44249065417534e-15,1
0.347972973,0.235772358,1.14908083048704e-12,1
0.349152542,0.235772358,8.99254004593786e-11,1
0.338983051,0.235772358,7.10764780365025e-13,1
0.344709898,0.235772358,2.40458764011464e-11,1
0.340136054,0.235772358,2.05249373053107e-10,1
0.329896907,0.235772358,2.64874788769021e-11,1
0.329931973,0.235772358,2.55575294261234e-09,1
0.31292517,0.235772358,1.18586251929287e-10,1
0.364261168,0.235772358,1.7812418207086e-12,1
0.347402597,0.235772358,1.54276591501912e-12,1
0.368055556,0.235772358,3.5527136788005e-15,1
0.371134021,0.235772358,9.67470548118854e-12,1
0.342372881,0.235772358,3.56026319536795e-12,1
0.354385965,0.235772358,1.35447209004269e-14,1
0.348837209,0.235772358,4.82789364042446e-11,1
0.328813559,0.235772358,1.64469924346378e-08,1
0.322033898,0.235772358,1.14251927918474e-08,1
0.315254237,0.235772358,7.70230468294386e-08,1
0.375426621,0.235772358,3.10862446895044e-15,1
0.370629371,0.235772358,0,1
0.327645051,0.235772358,2.9443016913433e-09,1
0.355932203,0.235772358,5.72875080706581e-13,1
0.352941176,0.235772358,1.50679468902126e-12,1
0.345890411,0.235772358,1.86095583387669e-12,1
0.332214765,0.235772358,5.03908026416866e-11,1
0.335616438,0.235772358,9.5626224716483e-09,1
0.351351351,0.235772358,5.68500801989558e-12,1
0.325174825,0.235772358,4.50968107301719e-09,1
0.362711864,0.235772358,1.11022302462516e-15,1
0.337792642,0.235772358,1.52090562366425e-10,1
0.339100346,0.235772358,1.51434420558871e-13,1
0.345637584,0.235772358,4.31144009382933e-12,1
0.366782007,0.235772358,8.01581023779363e-14,1
0.323232323,0.235772358,3.02237708194042e-08,1
0.333333333,0.235772358,1.70272529409488e-09,1
0.331081081,0.235772358,2.32478147843551e-08,1
0.35915493,0.235772358,0,1
0.353741497,0.235772358,9.63895629979561e-13,1
0.357615894,0.235772358,1.17683640610267e-14,1
0.356643357,0.235772358,9.59565760183523e-12,1
0.371134021,0.235772358,1.11022302462516e-15,1
0.33442623,0.235772358,4.46542802734484e-11,1
0.359589041,0.235772358,1.37889699658444e-13,1
0.401360544,0.235772358,0,1
0.33557047,0.235772358,1.00161323679515e-09,1
0.343859649,0.235772358,5.16919840265473e-13,1
0.353741497,0.235772358,2.46136444559397e-12,1
0.380794702,0.235772358,4.44089209850063e-16,1
0.317406143,0.235772358,6.99304325557648e-09,1
0.365517241,0.235772358,0,1
0.379432624,0.235772358,2.22044604925031e-16,1
0.357388316,0.235772358,2.21822560320106e-13,1
0.313993174,0.235772358,6.06543348879995e-09,1
0.37414966,0.235772358,0,1
0.329861111,0.235772358,4.22382018250289e-09,1
0.337792642,0.235772358,6.94717616767093e-11,1
0.375,0.235772358,9.32587340685131e-15,1
0.357142857,0.235772358,4.38316050122012e-13,1
0.325732899,0.235772358,4.60396387680362e-10,1
0.348122867,0.235772358,1.17964749080102e-10,1
0.367697595,0.235772358,0,1
0.31986532,0.235772358,7.59386331594669e-10,1
0.366782007,0.235772358,2.44249065417534e-15,1
0.36,0.235772358,1.31067823261333e-10,1
0.368600683,0.235772358,5.01154673315796e-13,1
0.342372881,0.235772358,1.3873346915716e-12,1
0.386440678,0.235772358,3.79696274421804e-14,1
0.340277778,0.235772358,2.53002063743679e-11,1
0.352941176,0.235772358,7.88413778707309e-12,1
0.332191781,0.235772358,7.63369056855367e-09,1
0.308474576,0.235772358,3.04157521391346e-09,1
0.321678322,0.235772358,9.12943054487414e-11,1
0.361486486,0.235772358,3.15303338993544e-14,1
0.403389831,0.235772358,0,1
0.342465753,0.235772358,6.52139009460484e-10,1
0.373333333,0.235772358,4.08562073062058e-14,1
0.325174825,0.235772358,8.85413964368809e-10,1
0.351170569,0.235772358,7.96018362336781e-10,1
0.339041096,0.235772358,1.06261666132923e-10,1
0.335548173,0.235772358,2.68896016564213e-13,1
0.363036304,0.235772358,8.23785484271866e-14,1
0.351351351,0.235772358,8.92619311798626e-14,1
0.351724138,0.235772358,3.5615954629975e-13,1
0.350515464,0.235772358,3.37507799486048e-14,1
0.369337979,0.235772358,0,1
0.349315068,0.235772358,1.07891473533073e-12,1
0.367857143,0.235772358,3.28626015289046e-14,1
0.347826087,0.235772358,7.8352435650686e-11,1
0.343333333,0.235772358,3.27959881474271e-13,1
0.356401384,0.235772358,3.10862446895044e-15,1
0.363321799,0.235772358,2.22044604925031e-15,1
0.317567568,0.235772358,3.41482842003415e-10,1
0.368794326,0.235772358,0,1
0.345762712,0.235772358,3.87361254183816e-11,1
0.341216216,0.235772358,8.49998960106291e-10,1
0.318644068,0.235772358,1.25394028493986e-09,1
0.35451505,0.235772358,1.11022302462516e-15,1
0.350340136,0.235772358,2.03392858111329e-12,1
0.372483221,0.235772358,6.66133814775094e-16,1
0.315436242,0.235772358,1.31094515243291e-08,1
0.362711864,0.235772358,8.97726337711902e-13,1
0.346289753,0.235772358,4.9293902293357e-14,1
0.361774744,0.235772358,4.44089209850063e-16,1
0.313131313,0.235772358,5.75674792946401e-06,1
0.355263158,0.235772358,3.17523785042795e-14,1
0.328719723,0.235772358,9.21862586267252e-12,1
0.359060403,0.235772358,6.32494057128952e-12,1
0.34137931,0.235772358,1.88049575911009e-12,1
0.361204013,0.235772358,3.30846461338297e-14,1
0.359861592,0.235772358,1.13242748511766e-14,1
0.373737374,0.235772358,1.10356168647741e-13,1
0.347222222,0.235772358,0,1
0.368421053,0.235772358,8.28226376370367e-14,1
0.329861111,0.235772358,7.61899432433211e-11,1
0.335616438,0.235772358,3.29455951408875e-09,1
0.388111888,0.235772358,0,1
0.362068966,0.235772358,1.83630888273001e-13,1
0.335640138,0.235772358,3.50941498084012e-12,1
0.348275862,0.235772358,5.99520433297585e-15,1
0.347972973,0.235772358,2.88657986402541e-14,1
0.367132867,0.235772358,5.97299987248334e-14,1
0.360544218,0.235772358,8.65973959207622e-15,1
0.358885017,0.235772358,1.88737914186277e-14,1
0.352941176,0.235772358,8.74544880957728e-12,1
0.351535836,0.235772358,8.24229573481716e-13,1
0.316831683,0.235772358,9.68444318072414e-08,1
0.367346939,0.235772358,0,1
0.375,0.235772358,2.44249065417534e-15,1
0.35016835,0.235772358,7.51181339353479e-11,1
0.361486486,0.235772358,1.99840144432528e-15,1
0.35451505,0.235772358,2.43116637932417e-11,1
0.386759582,0.235772358,1.77635683940025e-15,1
0.345637584,0.235772358,1.49290801942925e-10,1
0.325342466,0.235772358,9.46835942983171e-11,1
0.340206186,0.235772358,4.83235673698346e-12,1
0.328767123,0.235772358,1.15770015796102e-09,1
0.366101695,0.235772358,3.64153152077051e-14,1
0.333333333,0.235772358,5.82156545192447e-12,1
0.340206186,0.235772358,1.59528279475296e-09,1
0.366906475,0.235772358,2.22044604925031e-15,1
0.333333333,0.235772358,7.13913372862862e-11,1
0.321917808,0.235772358,5.91119597714851e-09,1
0.320819113,0.235772358,3.31983995849328e-10,1
0.314381271,0.235772358,2.53554488516272e-09,1
0.306122449,0.235772358,6.64362135527341e-07,1
0.326530612,0.235772358,2.31166197295352e-10,1
0.343642612,0.235772358,6.26660945357571e-11,1
0.328813559,0.235772358,7.82818254663198e-12,1
0.373737374,0.235772358,4.44089209850063e-16,1
0.359589041,0.235772358,9.58144674712003e-12,1
0.324137931,0.235772358,1.31901697564274e-07,1
0.387205387,0.235772358,0,1
0.347079038,0.235772358,2.38256081530608e-11,1
0.390410959,0.235772358,8.43769498715119e-15,1
0.356401384,0.235772358,6.85451695403572e-13,1
0.358108108,0.235772358,1.28119737041743e-13,1
0.341296928,0.235772358,1.33226762955019e-14,1
0.35472973,0.235772358,3.10862446895044e-15,1
0.35451505,0.235772358,4.66293670342566e-15,1
0.337792642,0.235772358,3.83835185857606e-11,1
0.346020761,0.235772358,4.90718576884319e-14,1
0.349152542,0.235772358,1.63646873829748e-13,1
0.336734694,0.235772358,7.23865412055602e-13,1
0.352750809,0.235772358,7.62030438750116e-11,1
0.371621622,0.235772358,1.11022302462516e-15,1
0.346153846,0.235772358,3.77475828372553e-15,1
0.360424028,0.235772358,8.19344592173366e-13,1
0.350694444,0.235772358,1.35869093753627e-12,1
0.376271186,0.235772358,0,1
0.342192691,0.235772358,6.21502849185163e-13,1
0.30976431,0.235772358,5.4602906418566e-08,1
0.370748299,0.235772358,2.8155255904494e-13,1
0.321917808,0.235772358,3.17066173316505e-09,1
0.360824742,0.235772358,7.85149723014911e-13,1
0.33447099,0.235772358,2.63313815196398e-11,1
0.361486486,0.235772358,3.99680288865056e-15,1
0.332167832,0.235772358,4.21040979858844e-12,1
0.329896907,0.235772358,1.17876730598709e-08,1
0.361111111,0.235772358,5.17363929475323e-14,1
0.374558304,0.235772358,6.66133814775094e-15,1
0.324414716,0.235772358,5.45203882040823e-11,1
0.326460481,0.235772358,1.59589452763953e-10,1
0.364548495,0.235772358,3.5527136788005e-15,1
0.375426621,0.235772358,6.66133814775094e-14,1
0.335548173,0.235772358,4.44089209850063e-16,1
0.335664336,0.235772358,1.48088172835514e-08,1
0.351351351,0.235772358,4.62030413928005e-12,1
0.337792642,0.235772358,1.74257719365301e-10,1
0.363636364,0.235772358,1.55653268052447e-13,1
0.328719723,0.235772358,1.04601327599596e-08,1
0.337979094,0.235772358,1.19015908239817e-13,1
0.381756757,0.235772358,1.11022302462516e-15,1
0.342019544,0.235772358,3.55600691115399e-08,1
0.33220339,0.235772358,9.14353037728688e-11,1
0.343537415,0.235772358,2.23047758041162e-09,1
0.350877193,0.235772358,1.87072579649339e-12,1
0.37414966,0.235772358,7.84927678409986e-13,1
0.324041812,0.235772358,4.80788964196677e-10,1
0.335640138,0.235772358,4.60098625865157e-12,1
0.315972222,0.235772358,4.93846441518286e-08,1
0.303448276,0.235772358,7.86318365975092e-09,1
0.344827586,0.235772358,3.45723449868274e-13,1
0.34,0.235772358,2.56663823527958e-09,1
0.338028169,0.235772358,5.5186233360871e-10,1
0.360544218,0.235772358,3.90443233300175e-12,1
0.325259516,0.235772358,2.28454588580007e-10,1
0.341296928,0.235772358,7.27757853979938e-11,1
0.3089701,0.235772358,1.26451678683637e-07,1
0.325423729,0.235772358,3.9990315503502e-09,1
0.351170569,0.235772358,8.09352584951739e-13,1
0.32247557,0.235772358,5.18384117853543e-08,1
0.343642612,0.235772358,2.75119926840262e-11,1
0.329931973,0.235772358,1.06386011111681e-10,1
0.363013699,0.235772358,1.55431223447522e-15,1
0.337883959,0.235772358,4.7546411252597e-12,1
0.347826087,0.235772358,5.18918241709798e-13,1
0.345890411,0.235772358,1.5496270933113e-11,1
0.333333333,0.235772358,2.96656121889782e-09,1
0.35,0.235772358,1.32500677096914e-11,1
0.332155477,0.235772358,9.66307034389047e-11,1
0.324414716,0.235772358,9.46888123465328e-10,1
0.383275261,0.235772358,0,0
0.375,0.235772358,1.55431223447522e-15,1
0.343537415,0.235772358,5.89861492983346e-12,1
0.393220339,0.235772358,1.86517468137026e-14,1
0.343434343,0.235772358,6.70574706873595e-14,1
0.360927152,0.235772358,7.37188088351104e-14,1
0.344594595,0.235772358,1.95732319241415e-12,1
0.320557491,0.235772358,3.70512800440537e-08,1
0.372013652,0.235772358,0,1
0.301694915,0.235772358,3.52237143896872e-08,1
0.349480969,0.235772358,0,1
0.342372881,0.235772358,7.82624409723098e-10,1
0.375862069,0.235772358,1.3988810110277e-14,1
0.365771812,0.235772358,0,1
0.311188811,0.235772358,7.32371718825675e-10,1
0.343434343,0.235772358,1.72750702631674e-13,1
0.33557047,0.235772358,8.45630232504391e-11,1
0.340136054,0.235772358,3.70814490224802e-14,1
0.342465753,0.235772358,1.35447209004269e-14,1
0.291946309,0.235772358,4.05370981226838e-08,0
0.346801347,0.235772358,3.59512419834118e-12,1
0.34965035,0.235772358,5.37347943918576e-13,1
0.326797386,0.235772358,1.29095489853626e-09,1
0.341216216,0.235772358,2.75254707915451e-09,1
0.359589041,0.235772358,2.35458319508552e-10,1
0.353333333,0.235772358,6.58584298207643e-13,1
0.398550725,0.235772358,0,1
0.333333333,0.235772358,1.11195408436515e-09,1
0.345762712,0.235772358,2.39726016815212e-11,1
0.334459459,0.235772358,3.73276978216097e-08,1
0.362416107,0.235772358,4.44089209850063e-16,1
0.339100346,0.235772358,8.54021298124508e-11,1
0.370748299,0.235772358,4.66293670342566e-15,1
0.319444444,0.235772358,2.97539104465727e-10,1
0.333333333,0.235772358,6.73572309040082e-12,1
0.348591549,0.235772358,3.00581781687015e-12,1
0.346289753,0.235772358,4.17443857259059e-14,1
0.362369338,0.235772358,1.11022302462516e-15,1
0.3728223,0.235772358,4.68514116391816e-14,1
0.366101695,0.235772358,4.90718576884319e-14,1
0.387900356,0.235772358,0,1
0.370629371,0.235772358,9.32587340685131e-15,1
0.345762712,0.235772358,1.31938904246454e-12,1
0.323943662,0.235772358,6.22699891650313e-10,1
0.346938776,0.235772358,3.07465164439691e-12,1
0.33559322,0.235772358,1.35869093753627e-11,1
0.357388316,0.235772358,5.49249534742557e-12,1
0.354304636,0.235772358,2.77999845366139e-13,1
0.359060403,0.235772358,4.34385860614839e-12,1
0.36013986,0.235772358,2.88657986402541e-15,1
0.346801347,0.235772358,2.66453525910038e-14,1
0.350694444,0.235772358,1.18476339849849e-11,1
0.361774744,0.235772358,6.61692922676593e-14,1
0.344709898,0.235772358,5.17741405303696e-11,1
0.33559322,0.235772358,6.45647979524711e-11,1
0.311864407,0.235772358,2.05785533058389e-08,1
0.364238411,0.235772358,7.0832228971085e-14,1
0.347682119,0.235772358,3.10862446895044e-15,1
0.375438596,0.235772358,0,1
0.360544218,0.235772358,1.15840670389389e-12,1
0.375862069,0.235772358,3.73034936274053e-14,1
0.352313167,0.235772358,4.26547686060985e-13,1
0.37037037,0.235772358,1.26565424807268e-14,1
0.321799308,0.235772358,3.56226159681228e-11,1
0.359589041,0.235772358,1.07913677993565e-13,1
0.317880795,0.235772358,4.00183930437947e-09,1
0.340277778,0.235772358,1.27675647831893e-13,1
0.336769759,0.235772358,1.18821597006047e-08,1
0.364583333,0.235772358,1.11022302462516e-15,1
0.356164384,0.235772358,1.53210777398272e-14,1
0.36026936,0.235772358,1.33226762955019e-15,1
0.333333333,0.235772358,9.36495325731812e-12,1
0.342192691,0.235772358,8.80184813922824e-13,1
0.389473684,0.235772358,1.17617027228789e-12,1
0.367346939,0.235772358,2.72892819452863e-13,1
0.36013986,0.235772358,9.67226299053436e-13,1
0.304054054,0.235772358,7.30204341437002e-10,1
0.319727891,0.235772358,5.36723399058303e-09,1
0.362711864,0.235772358,6.90381085632907e-12,1
0.320945946,0.235772358,2.61577870475094e-10,1
0.323129252,0.235772358,6.40375530380766e-09,1
0.335689046,0.235772358,6.04725158837027e-11,1
0.346153846,0.235772358,2.01882954797838e-12,1
0.352542373,0.235772358,6.21724893790088e-15,1
0.320945946,0.235772358,6.81922962542103e-10,1
0.321192053,0.235772358,1.73741114783965e-06,1
0.34375,0.235772358,3.55450868738671e-09,1
0.375,0.235772358,8.65973959207622e-15,1
0.361403509,0.235772358,1.34670052887031e-12,1
0.33447099,0.235772358,1.81479276051277e-10,1
0.351170569,0.235772358,1.54365409343882e-12,1
0.329896907,0.235772358,1.2167333807156e-10,1
0.368421053,0.235772358,3.33066907387547e-15,1
0.348275862,0.235772358,8.65973959207622e-15,1
0.343137255,0.235772358,8.79296635503124e-13,1
0.359589041,0.235772358,1.33995037288059e-11,1
0.336769759,0.235772358,1.33226762955019e-15,1
0.349315068,0.235772358,1.88893345409724e-12,1
0.352941176,0.235772358,8.21565038222616e-15,1
0.312080537,0.235772358,3.89280250256974e-08,1
0.331034483,0.235772358,2.16715534406831e-12,1
0.353535354,0.235772358,2.4713564528156e-13,1
0.340136054,0.235772358,3.27979865488714e-11,1
0.353135314,0.235772358,9.23159326760015e-11,1
0.32781457,0.235772358,8.18340779584759e-08,1
0.352739726,0.235772358,1.24344978758018e-14,1
0.346938776,0.235772358,2.18514095706723e-12,1
0.317406143,0.235772358,5.76742165137034e-09,1
0.291666667,0.235772358,2.23992889791802e-07,1
0.353146853,0.235772358,8.1645801230934e-13,1
0.402061856,0.235772358,0,0
0.31358885,0.235772358,4.5013770488822e-09,1
0.329896907,0.235772358,1.00541797110054e-12,1
0.334448161,0.235772358,3.25287530245078e-09,1
0.368243243,0.235772358,1.3988810110277e-14,1
0.35862069,0.235772358,8.61533067109121e-14,1
0.312080537,0.235772358,2.34723659175984e-07,1
0.356902357,0.235772358,3.24185123190546e-14,1
0.313131313,0.235772358,8.54121884330539e-10,1
0.373287671,0.235772358,7.105427357601e-15,1
0.343971631,0.235772358,2.37809771874709e-13,1
0.363934426,0.235772358,1.35225164399344e-13,1
0.351724138,0.235772358,2.22044604925031e-16,1
0.334519573,0.235772358,1.25208732271176e-11,1
0.354166667,0.235772358,7.28528348759028e-13,1
0.369863014,0.235772358,1.4299672557172e-13,1
0.324324324,0.235772358,3.26703832875808e-08,1
0.352313167,0.235772358,1.084021761244e-11,1
0.324324324,0.235772358,1.12810472074898e-09,1
0.357638889,0.235772358,2.88657986402541e-15,1
0.370748299,0.235772358,0,1
0.313993174,0.235772358,5.97023881443448e-08,1
0.369491525,0.235772358,6.3629101987317e-12,1
0.336769759,0.235772358,3.02421865328029e-10,1
0.389078498,0.235772358,0,1
0.337979094,0.235772358,3.33066907387547e-14,1
0.328719723,0.235772358,3.51150220012642e-11,1
0.355172414,0.235772358,3.33066907387547e-15,1
0.350515464,0.235772358,5.08704189883247e-13,1
0.342372881,0.235772358,4.07147648928685e-11,1
0.347079038,0.235772358,9.67870228407719e-12,1
0.381270903,0.235772358,5.55111512312578e-15,1
0.333333333,0.235772358,1.04784181331752e-10,1
0.350694444,0.235772358,1.5072831871521e-11,1
0.353571429,0.235772358,2.26485497023532e-14,1
0.347972973,0.235772358,1.66799907219684e-12,1
0.330960854,0.235772358,5.20789855684711e-10,1
0.366438356,0.235772358,2.33146835171283e-14,1
0.326599327,0.235772358,2.91191515344735e-10,1
0.329824561,0.235772358,4.20663504030472e-12,1
0.353135314,0.235772358,1.06581410364015e-14,1
0.291366906,0.235772358,1.29833994444439e-07,0
0.357142857,0.235772358,5.55111512312578e-15,1
0.336805556,0.235772358,9.74464953173992e-12,1
0.377104377,0.235772358,6.66133814775094e-15,1
0.34375,0.235772358,1.14402931572499e-10,1
0.356643357,0.235772358,2.61790589206612e-12,1
0.344481605,0.235772358,1.12665432538961e-12,1
0.341726619,0.235772358,4.54969395491389e-13,1
0.340206186,0.235772358,6.85385082022094e-12,1
0.360424028,0.235772358,5.10702591327572e-15,1
0.327645051,0.235772358,1.02818642488955e-10,1
0.336700337,0.235772358,2.74844591530155e-11,1
0.339041096,0.235772358,1.39221967287995e-13,1
0.333333333,0.235772358,2.26485497023532e-14,1
0.360927152,0.235772358,0,1
0.318493151,0.235772358,2.67408317711215e-12,1
0.356435644,0.235772358,4.47863968133788e-13,1
0.388111888,0.235772358,0,1
0.35395189,0.235772358,2.44249065417534e-15,1
0.312714777,0.235772358,2.03990158098577e-11,1
0.340206186,0.235772358,4.21884749357559e-15,1
0.369127517,0.235772358,1.0635936575909e-13,1
0.371428571,0.235772358,6.21724893790088e-14,1
0.359589041,0.235772358,5.09148279093097e-13,1
0.346938776,0.235772358,2.2918555941942e-11,1
0.325503356,0.235772358,2.23396856569025e-11,1
0.352739726,0.235772358,2.22044604925031e-14,1
0.331125828,0.235772358,5.50494094753162e-10,1
0.347682119,0.235772358,1.10439657419192e-10,1
0.365187713,0.235772358,4.66293670342566e-14,1
0.340350877,0.235772358,4.29614122055e-11,1
0.375415282,0.235772358,0,1
0.323232323,0.235772358,1.09090514399668e-12,1
0.37414966,0.235772358,6.3726801613484e-14,1
0.321799308,0.235772358,2.74713585213249e-12,1
0.377926421,0.235772358,1.55431223447522e-15,1
0.310810811,0.235772358,2.87721745317882e-07,1
0.33105802,0.235772358,9.00681751403454e-11,1
0.329931973,0.235772358,4.2499337382651e-13,1
0.375,0.235772358,0,1
0.341137124,0.235772358,4.17397894025839e-10,1
0.331081081,0.235772358,2.76689782197082e-12,1
0.333333333,0.235772358,1.69058100851771e-11,1
0.358361775,0.235772358,3.98259203393536e-12,1
0.319444444,0.235772358,2.17825757431456e-13,1
0.342281879,0.235772358,3.70814490224802e-14,1
0.362711864,0.235772358,7.22089055216202e-13,1
0.319078947,0.235772358,3.88344889579173e-09,1
0.372483221,0.235772358,3.5527136788005e-15,1
0.32996633,0.235772358,4.0017278379878e-09,1
0.35395189,0.235772358,1.35447209004269e-13,1
0.36026936,0.235772358,3.75699471533153e-13,1
0.32,0.235772358,7.1226224918064e-10,1
0.370629371,0.235772358,8.65973959207622e-15,1
0.340277778,0.235772358,6.56910081886508e-09,1
0.336700337,0.235772358,5.30531174547377e-12,1
0.331103679,0.235772358,3.95912147510558e-09,1
0.364285714,0.235772358,2.66453525910038e-15,1
0.313993174,0.235772358,5.86903206034606e-08,1
0.341296928,0.235772358,7.74180719531614e-12,1
0.343971631,0.235772358,2.93320923105966e-13,1
0.351724138,0.235772358,9.14823772291129e-14,1
0.348122867,0.235772358,6.64133192884719e-11,1
0.354948805,0.235772358,2.08721928629529e-14,1
0.337931034,0.235772358,4.70117722528585e-10,1
0.308474576,0.235772358,9.04573083104765e-10,1
0.369337979,0.235772358,2.22044604925031e-16,1
0.350993377,0.235772358,3.44169137633799e-14,1
0.397306397,0.235772358,0,1
0.352159468,0.235772358,3.07753822426093e-13,1
0.334482759,0.235772358,8.45989944764369e-13,1
0.328719723,0.235772358,9.02049546169792e-11,1
0.336734694,0.235772358,1.15910525622098e-09,1
0.353146853,0.235772358,2.68673971959288e-14,1
0.315972222,0.235772358,1.47025813745927e-09,1
0.357388316,0.235772358,7.81175124586753e-12,1
0.362711864,0.235772358,2.08455475103619e-12,1
0.340206186,0.235772358,3.63709062867201e-12,1
0.342281879,0.235772358,3.5411673593444e-12,1
0.400684932,0.235772358,0,1
0.352542373,0.235772358,2.66453525910038e-15,1
0.342192691,0.235772358,2.8643754035329e-13,1
0.319727891,0.235772358,3.8700032067851e-09,1
0.346666667,0.235772358,7.20601356363204e-12,1
0.323024055,0.235772358,8.87633300195034e-10,1
0.344827586,0.235772358,1.67686087237939e-10,1
0.358361775,0.235772358,8.88178419700125e-15,1
0.334437086,0.235772358,5.33651145495639e-09,1
0.318493151,0.235772358,5.53250778523307e-11,1
0.314381271,0.235772358,2.93500672654545e-08,1
0.361702128,0.235772358,6.29274410357539e-13,1
0.33220339,0.235772358,4.58309834527881e-10,1
0.313380282,0.235772358,4.20580859028519e-09,1
0.329931973,0.235772358,1.19171339463264e-12,1
0.343642612,0.235772358,1.59872115546023e-14,1
0.323232323,0.235772358,3.54809515101806e-11,1
0.362126246,0.235772358,1.23325794021412e-11,1
0.366782007,0.235772358,3.42170736189473e-13,1
0.323232323,0.235772358,8.02009347822263e-09,1
0.347222222,0.235772358,6.2272409451225e-12,1
0.341216216,0.235772358,3.89091869834601e-10,1
0.374172185,0.235772358,0,1
0.328767123,0.235772358,9.56255075124091e-11,1
0.333333333,0.235772358,2.09074890733518e-09,1
0.331168831,0.235772358,1.58247708270665e-08,1
0.37037037,0.235772358,1.11022302462516e-15,1
0.363945578,0.235772358,3.61932706027801e-14,1
0.313131313,0.235772358,7.71161134949239e-10,1
0.31358885,0.235772358,2.63131627598057e-09,1
0.322147651,0.235772358,7.80793429910887e-10,1
0.300653595,0.235772358,7.58147256085806e-09,1
0.339869281,0.235772358,1.28730581749892e-10,1
0.345890411,0.235772358,3.10862446895044e-15,1
0.387543253,0.235772358,0,1
0.348684211,0.235772358,7.22570892008889e-11,1
0.334448161,0.235772358,3.62474494863818e-11,1
0.305921053,0.235772358,5.62091240219331e-09,1
0.345762712,0.235772358,2.08277839419679e-13,1
0.355072464,0.235772358,4.30100399739786e-13,1
0.341296928,0.235772358,9.2065466361646e-11,1
0.369491525,0.235772358,0,1
0.335616438,0.235772358,5.92548232702939e-12,1
0.367003367,0.235772358,1.84297022087776e-14,1
0.345762712,0.235772358,0,1
0.320689655,0.235772358,7.75912667450029e-12,1
0.362068966,0.235772358,0,1
0.362711864,0.235772358,1.33226762955019e-15,1
0.357615894,0.235772358,3.76587649952853e-13,1
0.341137124,0.235772358,6.71800393092781e-11,1
0.346020761,0.235772358,4.42534897615587e-13,1
0.373287671,0.235772358,6.66133814775094e-16,1
0.335640138,0.235772358,1.11910480882216e-13,1
0.352542373,0.235772358,1.69864122767649e-13,1
0.332191781,0.235772358,1.17781340236434e-11,1
0.363945578,0.235772358,2.22044604925031e-16,1
0.329931973,0.235772358,5.0158543984935e-11,1
0.37630662,0.235772358,2.22044604925031e-16,1
0.389078498,0.235772358,0,1
0.333333333,0.235772358,5.17523046639212e-09,1
0.358361775,0.235772358,3.5527136788005e-15,1
0.364261168,0.235772358,3.36397576461422e-13,1
0.343434343,0.235772358,3.32400773572772e-13,1
0.343333333,0.235772358,1.14055387356871e-09,1
0.325503356,0.235772358,1.21869625502313e-10,1
0.327586207,0.235772358,4.31082680663053e-09,1
0.333333333,0.235772358,8.84048367844059e-09,1
0.327702703,0.235772358,1.88022930558418e-11,1
0.340983607,0.235772358,4.44078196437658e-09,1
0.351916376,0.235772358,9.57012247226885e-14,1
0.357142857,0.235772358,9.10382880192628e-15,1
0.29109589,0.235772358,1.1626787348451e-06,0
0.360714286,0.235772358,1.49880108324396e-13,1
0.352542373,0.235772358,4.18554080283684e-13,1
0.347682119,0.235772358,1.31481492360308e-11,1
0.344709898,0.235772358,1.64401825486493e-12,1
0.365853659,0.235772358,2.22044604925031e-16,1
0.348684211,0.235772358,5.35532285184104e-10,1
0.340277778,0.235772358,1.6245538247972e-10,1
0.308219178,0.235772358,1.86206967622837e-08,1
0.326599327,0.235772358,6.58584298207643e-12,1
0.334494774,0.235772358,8.80019834781365e-10,1
0.367697595,0.235772358,2.88657986402541e-15,1
0.338983051,0.235772358,2.24340546139956e-11,1
0.336734694,0.235772358,5.17608178540740e-12,1
0.340206186,0.235772358,1.368372082311e-11,1
0.344481605,0.235772358,5.02931030155196e-12,1
0.340206186,0.235772358,1.99884553353513e-12,1
0.359861592,0.235772358,6.66133814775094e-16,1
0.343537415,0.235772358,2.99871238951255e-12,1
0.355481728,0.235772358,3.49409390310029e-12,1
0.33559322,0.235772358,2.26485497023532e-14,1
0.370748299,0.235772358,1.35447209004269e-14,1
0.368600683,0.235772358,2.39808173319034e-14,1
0.352112676,0.235772358,6.3593574850529e-13,1
0.347368421,0.235772358,2.77555756156289e-14,1
0.364583333,0.235772358,0,1
0.358885017,0.235772358,1.77635683940025e-15,1
0.332191781,0.235772358,1.46549439250521e-13,1
0.347972973,0.235772358,6.21784845833417e-11,1
0.362369338,0.235772358,4.66293670342566e-15,1
0.32996633,0.235772358,4.85167461761193e-13,1
0.368055556,0.235772358,0,1
0.36971831,0.235772358,4.44089209850063e-16,1
0.341216216,0.235772358,1.79665948785157e-09,1
0.39527027,0.235772358,2.22044604925031e-16,1
0.336805556,0.235772358,9.80815428874848e-12,1
0.345070423,0.235772358,4.27369251099208e-12,1
0.363945578,0.235772358,2.22044604925031e-16,1
0.337837838,0.235772358,2.69574362832259e-10,1
0.382550336,0.235772358,4.66293670342566e-15,1
0.344709898,0.235772358,3.88569176834608e-11,1
0.353135314,0.235772358,7.1276318180935e-14,1
0.344827586,0.235772358,8.63065174883104e-12,1
0.34137931,0.235772358,1.476485600449e-11,1
0.381270903,0.235772358,0,1
0.333333333,0.235772358,2.64763322377348e-10,1
0.347222222,0.235772358,1.68887126505979e-12,1
0.318493151,0.235772358,1.16795018101357e-10,1
0.320132013,0.235772358,2.27399610253087e-09,1
0.33559322,0.235772358,1.86336279739407e-10,1
0.328813559,0.235772358,5.27131671645975e-10,1
0.353146853,0.235772358,5.46229728115577e-14,1
0.364912281,0.235772358,4.68514116391816e-14,1
0.345890411,0.235772358,1.65645275274073e-13,1
0.329896907,0.235772358,1.2731997900417e-07,1
0.36026936,0.235772358,4.53326265414944e-12,1
0.365853659,0.235772358,2.50910403565285e-14,1
0.344370861,0.235772358,3.87934129264522e-12,1
0.358108108,0.235772358,0,1
0.355400697,0.235772358,4.25903756706703e-12,1
0.325423729,0.235772358,4.28072022273795e-10,1
0.347826087,0.235772358,4.21884749357559e-15,1
0.342281879,0.235772358,2.82236456428109e-11,1
0.350694444,0.235772358,3.45079520513991e-12,1
0.354304636,0.235772358,2.69118061169138e-13,1
0.344709898,0.235772358,1.00783825729422e-11,1
0.326797386,0.235772358,3.68780783688294e-10,1
0.314189189,0.235772358,1.28406463240083e-09,1
0.35915493,0.235772358,5.91660054283238e-12,1
0.324503311,0.235772358,7.50708712971004e-08,1
0.342657343,0.235772358,2.524800368775e-10,1
0.33447099,0.235772358,1.03497210801606e-11,1
0.333333333,0.235772358,1.83875137338418e-12,1
0.345890411,0.235772358,3.84878795500754e-11,1
0.359322034,0.235772358,3.7176928202598e-12,1
0.373702422,0.235772358,0,1
0.336734694,0.235772358,2.28483898467857e-13,1
0.34137931,0.235772358,2.72505795706479e-10,1
0.340206186,0.235772358,3.530509218308e-14,1
0.353535354,0.235772358,3.05488967455858e-12,1
0.374125874,0.235772358,0,1
0.326599327,0.235772358,5.27254218063433e-09,1
0.346801347,0.235772358,1.02210950814197e-09,1
0.346801347,0.235772358,3.11128900420954e-12,1
0.368600683,0.235772358,3.95905530581331e-13,1
0.333333333,0.235772358,1.87410087448825e-11,1
0.328813559,0.235772358,4.59466775737383e-09,1
0.344827586,0.235772358,1.55431223447522e-15,1
0.346801347,0.235772358,7.91233745189857e-12,1
0.348993289,0.235772358,1.61493041161975e-12,1
0.361111111,0.235772358,2.06457073659294e-12,1
0.345890411,0.235772358,1.43662859386495e-13,1
0.325342466,0.235772358,2.60036436827704e-12,1
0.362711864,0.235772358,9.93205517829665e-13,1
0.367892977,0.235772358,2.22044604925031e-15,1
0.381294964,0.235772358,0,1
0.310679612,0.235772358,2.90658541679534e-09,1
0.318936877,0.235772358,2.11880353262472e-08,1
0.347079038,0.235772358,1.31450406115619e-13,1
0.382059801,0.235772358,7.54951656745106e-15,1
0.382978723,0.235772358,6.66133814775094e-16,1
0.341216216,0.235772358,4.79416506493635e-12,1
0.348122867,0.235772358,1.29948927174439e-08,1
0.355263158,0.235772358,1.97759586484381e-11,1
0.311864407,0.235772358,1.82910331325559e-09,1
0.358885017,0.235772358,2.64233079860787e-14,1
0.352941176,0.235772358,1.29323218800437e-10,1
0.33559322,0.235772358,5.23752152759016e-11,1
0.331081081,0.235772358,8.97600616056593e-09,1
0.342281879,0.235772358,7.17204073907851e-14,1
0.326599327,0.235772358,9.70096447616697e-10,1
0.318493151,0.235772358,4.14557277395033e-13,1
0.353535354,0.235772358,1.77635683940025e-15,1
0.324503311,0.235772358,4.79920847507032e-08,1
0.32781457,0.235772358,6.50406173363649e-10,1
0.316666667,0.235772358,3.28730376253361e-11,1
0.343537415,0.235772358,2.39797071088788e-11,1
0.371237458,0.235772358,3.97459842815806e-14,1
0.321678322,0.235772358,8.51667625312302e-10,1
0.348993289,0.235772358,9.26807519618933e-11,1
0.337792642,0.235772358,9.88542581126239e-13,1
0.337748344,0.235772358,1.07739150934094e-10,1
0.327645051,0.235772358,7.69822650070751e-09,1
0.35335689,0.235772358,2.95585778076202e-12,1
0.329931973,0.235772358,3.09725489699986e-09,1
0.33559322,0.235772358,4.47482051413317e-11,1
0.361702128,0.235772358,6.21724893790088e-15,1
0.343537415,0.235772358,2.8377300509419e-13,1
0.292929293,0.235772358,3.77296843989683e-06,0
0.317880795,0.235772358,1.94142479870152e-11,1
0.351535836,0.235772358,1.47744039225017e-11,1
0.332214765,0.235772358,2.34512964603084e-09,1
0.363321799,0.235772358,8.88178419700125e-16,1
0.36013986,0.235772358,3.19744231092045e-14,1
0.340206186,0.235772358,1.06439301816863e-11,1
0.381118881,0.235772358,0,0
0.37037037,0.235772358,6.66133814775094e-16,1
0.337837838,0.235772358,2.5175639351005e-11,1
0.368243243,0.235772358,0,1
0.338926174,0.235772358,3.06243919112603e-12,1
0.317725753,0.235772358,1.34318545175205e-07,1
0.346938776,0.235772358,1.07269748639283e-12,1
0.327759197,0.235772358,2.90795942881061e-09,1
0.337979094,0.235772358,3.17523785042795e-14,1
0.327645051,0.235772358,2.03388761388368e-08,1
0.373333333,0.235772358,1.55431223447522e-15,1
0.342465753,0.235772358,2.60080845748689e-12,1
0.336700337,0.235772358,1.06292752377612e-12,1
0.346153846,0.235772358,2.20046203480706e-13,1
0.38538206,0.235772358,0,1
0.355932203,0.235772358,5.3940851785228e-11,1
0.362711864,0.235772358,6.12843109593086e-14,1
0.329896907,0.235772358,2.71129785289759e-10,1
0.374570447,0.235772358,3.15303338993544e-14,1
0.349315068,0.235772358,1.24400489909249e-11,1
0.324232082,0.235772358,3.33356364734527e-09,1
0.363321799,0.235772358,0,1
0.375426621,0.235772358,4.77839989798667e-13,1
0.346801347,0.235772358,1.56603618961526e-11,1
0.349480969,0.235772358,3.10862446895044e-15,1
0.350819672,0.235772358,3.11861647617206e-12,1
0.358361775,0.235772358,1.76112457950239e-11,1
0.342657343,0.235772358,2.0783152976378e-11,1
0.342560554,0.235772358,2.02360350698427e-11,1
0.313993174,0.235772358,6.94067026074663e-12,1
0.301694915,0.235772358,5.3231441476953e-10,1
0.36971831,0.235772358,8.88178419700125e-14,1
0.350340136,0.235772358,3.10862446895044e-15,1
0.368055556,0.235772358,0,1
0.326315789,0.235772358,5.97614402408908e-10,1
0.348993289,0.235772358,2.20579110532526e-12,1
0.331103679,0.235772358,1.63669078290241e-12,1
0.31292517,0.235772358,5.87722459588491e-08,1
0.33559322,0.235772358,3.6925218438455e-10,1
0.336666667,0.235772358,1.73927561242238e-09,1
0.355400697,0.235772358,0,1
0.352159468,0.235772358,2.04281036531029e-14,1
0.364548495,0.235772358,1.28341781646668e-13,1
0.345762712,0.235772358,1.14392939565278e-11,1
0.358361775,0.235772358,7.7715611723761e-15,1
0.346801347,0.235772358,4.44089209850063e-16,1
0.350340136,0.235772358,2.93098878501041e-14,1
0.348432056,0.235772358,6.16418027732379e-12,1
0.365853659,0.235772358,3.33066907387547e-15,1
0.35395189,0.235772358,4.03827415951241e-10,1
0.350993377,0.235772358,1.1588263681972e-10,1
0.355172414,0.235772358,2.93987056920741e-13,1
0.346153846,0.235772358,4.30144808660771e-12,1
0.347222222,0.235772358,1.13242748511766e-14,1
0.319298246,0.235772358,1.43710598976554e-10,1
0.350694444,0.235772358,9.80926451177311e-11,1
0.346801347,0.235772358,1.25677246387568e-12,1
0.30976431,0.235772358,7.24586746159162e-09,1
0.321678322,0.235772358,3.55840725774215e-08,1
0.297202797,0.235772358,1.86945890301438e-06,0
0.362711864,0.235772358,1.11244347067441e-13,1
0.397849462,0.235772358,0,1
0.332191781,0.235772358,1.0776557424208e-10,1
0.313793103,0.235772358,4.16024819038796e-08,1
0.345890411,0.235772358,8.19122547568440e-13,1
0.377483444,0.235772358,2.22044604925031e-16,1
0.33559322,0.235772358,1.70881087058206e-11,1
0.344594595,0.235772358,6.21946938395013e-13,1
0.328767123,0.235772358,2.14760675909531e-09,1
0.336805556,0.235772358,2.53197462996013e-12,1
0.335640138,0.235772358,2.87947443666781e-11,1
0.352542373,0.235772358,1.90958360235527e-14,1
0.354948805,0.235772358,3.33066907387547e-15,1
0.319587629,0.235772358,6.45940412269397e-09,1
0.399293286,0.235772358,0,0
0.357142857,0.235772358,5.44009282066327e-14,1
0.338870432,0.235772358,7.0467853774403e-10,1
0.340501792,0.235772358,1.17594822768297e-12,1
0.352941176,0.235772358,6.06181771445335e-14,1
0.349480969,0.235772358,8.94617713242951e-13,1
0.319587629,0.235772358,1.72046377144852e-09,1
0.299295775,0.235772358,5.86880943842516e-09,1
0.326460481,0.235772358,4.96067853461568e-10,1
0.342281879,0.235772358,1.07824860151595e-12,1
0.35,0.235772358,3.11175529787988e-11,1
0.313993174,0.235772358,1.00780939149558e-10,1
0.346938776,0.235772358,2.01838545876853e-13,1
0.347222222,0.235772358,0,1
0.319587629,0.235772358,2.32309282921506e-10,1
0.333333333,0.235772358,3.19023474304458e-10,1
0.3125,0.235772358,3.31373199990992e-08,1
0.373287671,0.235772358,0,1
0.344827586,0.235772358,4.88498130835069e-14,1
0.376712329,0.235772358,2.33146835171283e-14,1
0.360824742,0.235772358,1.42461220598022e-09,1
0.334448161,0.235772358,7.24268867102751e-10,1
0.319444444,0.235772358,9.82256942450022e-10,1
0.345070423,0.235772358,6.57252030578093e-13,1
0.371134021,0.235772358,1.64313007644523e-13,1
0.358422939,0.235772358,3.77475828372553e-14,1
0.354948805,0.235772358,1.39221967287995e-13,1
0.369491525,0.235772358,1.33226762955019e-15,1
0.354609929,0.235772358,2.33146835171283e-14,1
0.336842105,0.235772358,1.19286802657825e-11,1
0.298657718,0.235772358,8.83894801795293e-08,1
0.34551495,0.235772358,2.82135870222078e-10,1
0.358108108,0.235772358,8.92619311798626e-14,1
0.375438596,0.235772358,2.22044604925031e-16,1
0.368421053,0.235772358,9.10382880192628e-15,1
0.379310345,0.235772358,5.77315972805081e-15,1
0.347079038,0.235772358,5.27355936696949e-13,1
0.328767123,0.235772358,2.50166554138787e-11,1
0.361486486,0.235772358,1.11022302462516e-15,1
0.348122867,0.235772358,0,1
0.37037037,0.235772358,1.0946799022804e-13,1
0.367003367,0.235772358,9.9475983006414e-14,1
0.352739726,0.235772358,8.67750316047022e-13,1
0.342657343,0.235772358,1.84460224872396e-10,1
0.357142857,0.235772358,3.32844862782622e-13,1
0.323129252,0.235772358,2.5823330140895e-09,1
0.351535836,0.235772358,3.71702668644502e-13,1
0.313793103,0.235772358,1.50299206636006e-07,1
0.348993289,0.235772358,4.90896212568259e-12,1
0.362711864,0.235772358,1.33226762955019e-15,1
0.357894737,0.235772358,6.79456491070596e-14,1
0.351535836,0.235772358,8.53792592181435e-11,1
0.379310345,0.235772358,1.77635683940025e-15,1
0.35915493,0.235772358,3.33066907387547e-14,1
0.323943662,0.235772358,1.70097447238504e-09,1
0.357638889,0.235772358,1.4210854715202e-14,1
0.336769759,0.235772358,2.45024001088723e-11,1
0.342281879,0.235772358,4.55191440096314e-13,1
0.342560554,0.235772358,6.66133814775094e-16,1
0.374172185,0.235772358,1.11022302462516e-15,1
0.357638889,0.235772358,3.14637205178769e-13,1
0.361486486,0.235772358,2.22044604925031e-16,1
0.341216216,0.235772358,2.24462670672665e-11,1
0.336700337,0.235772358,3.12266879021195e-10,1
0.309027778,0.235772358,1.1206437133815e-07,1
0.361774744,0.235772358,1.77635683940025e-15,1
0.391752577,0.235772358,6.21724893790088e-15,1
0.303030303,0.235772358,2.16326536017775e-07,0
0.364548495,0.235772358,1.77160508485485e-11,1
0.339041096,0.235772358,3.78419517943485e-11,1
0.339222615,0.235772358,6.88338275267597e-15,1
0.350993377,0.235772358,3.99680288865056e-15,1
0.339222615,0.235772358,8.54805115579893e-12,1
0.352941176,0.235772358,6.33493257851114e-13,1
0.381944444,0.235772358,2.26485497023532e-14,1
0.384353741,0.235772358,4.44089209850063e-16,1
0.340206186,0.235772358,1.50346401994739e-12,1
0.309027778,0.235772358,1.09471975706654e-07,1
0.323129252,0.235772358,9.08674024913125e-10,1
0.388513514,0.235772358,0,1
0.32996633,0.235772358,1.24977805882054e-11,1
0.351351351,0.235772358,5.47992762278682e-11,1
0.360544218,0.235772358,1.99840144432528e-15,1
0.372881356,0.235772358,1.28785870856518e-14,1
0.324503311,0.235772358,5.78144199181452e-11,1
0.369636964,0.235772358,3.05355740692903e-12,1
0.31358885,0.235772358,4.65899852031271e-09,1
0.301694915,0.235772358,6.83341846219321e-07,0
0.361774744,0.235772358,4.44089209850063e-16,1
0.366438356,0.235772358,5.10702591327572e-15,1
0.285234899,0.235772358,1.22779198541423e-06,0
0.348122867,0.235772358,9.64206492426456e-12,1
0.376712329,0.235772358,1.77635683940025e-13,1
0.342657343,0.235772358,3.30302074580402e-09,1
0.358361775,0.235772358,1.01163522003844e-11,1
0.361774744,0.235772358,9.50239886776671e-12,1
0.357859532,0.235772358,1.53210777398272e-14,1
0.329896907,0.235772358,6.24538198934488e-11,1
0.331081081,0.235772358,3.27844518643872e-07,1
0.364238411,0.235772358,2.4491519923231e-13,1
0.345762712,0.235772358,6.07853767320421e-11,1
0.326666667,0.235772358,1.48134904343067e-09,1
0.326388889,0.235772358,1.67326152933356e-11,1
0.346020761,0.235772358,9.79749614771208e-12,1
0.350993377,0.235772358,5.6488147492928e-13,1
0.369337979,0.235772358,9.10382880192628e-15,1
0.290540541,0.235772358,6.53570344688603e-06,0
0.361111111,0.235772358,4.86943818600594e-13,1
0.307432432,0.235772358,9.94305970891673e-10,1
0.344594595,0.235772358,1.80982784314665e-10,1
0.355172414,0.235772358,4.89608353859694e-13,1
0.327526132,0.235772358,2.75494205226323e-09,1
0.335640138,0.235772358,2.13685957817233e-10,1
0.351973684,0.235772358,3.52361473332508e-10,1
0.359589041,0.235772358,1.94657623353578e-11,1
0.389473684,0.235772358,2.22044604925031e-16,1
0.323129252,0.235772358,2.82909540239018e-09,1
0.342465753,0.235772358,7.56417151137612e-12,1
0.350340136,0.235772358,1.17271525823526e-10,1
0.348993289,0.235772358,3.21775939227109e-10,1
0.319078947,0.235772358,2.94950353030288e-09,1
